,Models,Accuracy,Precision,Recall,F1_score
0,Desicion Tree,0.8936170212765957,0.8934539822287437,0.8936170212765957,0.8911316136320844
1,Random Forest,0.8936170212765957,0.8934539822287437,0.8936170212765957,0.8911316136320844
2,K Nearest Neigbhours,0.8829787234042553,0.8897193690388848,0.8829787234042553,0.8802672892595496
3,Support Vector Machines,0.8829787234042553,0.8927677453960308,0.8829787234042553,0.8830198533446014
4,Gradient Boosting,0.8936170212765957,0.8988432961837217,0.8936170212765957,0.8933870040253019
5,AdaBoost,0.6063829787234043,0.6140817727228159,0.6063829787234043,0.5821510762816706
6,XGBoost,0.9148936170212766,0.9155099628503883,0.9148936170212766,0.9145814507516635
